{
  "project_info": {
    "project_number": "807333810653",
    "project_id": "ipar-2ea1c",
    "storage_bucket": "ipar-2ea1c.appspot.com"
  },
  "client": [
    {
      "client_info": {
        "mobilesdk_app_id": "1:807333810653:android:8643efbc4edfa608c72634",
        "android_client_info": {
          "package_name": "com.example.ipar"
        }
      },
      "oauth_client": [],
      "api_key": [
        {
          "current_key": "AIzaSyDiL1qsjuz6Oevh2NgW2bZDDMyJ7lHaNag"
        }
      ],
      "services": {
        "appinvite_service": {
          "other_platform_oauth_client": []
        }
      }
    },
    {
      "client_info": {
        "mobilesdk_app_id": "1:807333810653:android:b881d372ad89de1bc72634",
        "android_client_info": {
          "package_name": "com.example.iparcompany"
        }
      },
      "oauth_client": [],
      "api_key": [
        {
          "current_key": "AIzaSyDiL1qsjuz6Oevh2NgW2bZDDMyJ7lHaNag"
        }
      ],
      "services": {
        "appinvite_service": {
          "other_platform_oauth_client": []
        }
      }
    }
  ],
  "configuration_version": "1"
}